source_x,source_y,dest_x,dest_y,straight_distance,vehicle_count,hour,is_rush_hour,is_weekend,avg_network_congestion,scenario,scenario_normal,path_length,travel_time,total_distance,avg_congestion,computation_time
-0.090008,51.519813,-0.0968739,51.5168482,0.007478677814293455,0,14,0,0,1.7785440580748924,Normal,1,67,131.21887928887082,746.5296624571254,1.7785440580748924,0.04453420639038086
-0.1054466,51.5184715,-0.090008,51.519813,0.015496773606464223,0,11,0,0,1.811994615795369,Normal,1,182,369.10533478131686,1853.7264302533622,1.811994615795369,0.010308980941772461
-0.090008,51.519813,-0.0968739,51.5168482,0.007478677814293455,25,14,0,0,2.0568186807971727,Normal,1,67,153.84408738711954,746.5296624571254,2.0568186807971727,0.004465818405151367
-0.1054466,51.5184715,-0.090008,51.519813,0.015496773606464223,25,11,0,0,2.0799716346091612,Normal,1,214,508.90296073681776,2287.085376817053,2.0799716346091612,0.011586189270019531
